Workbook

Sheet How to use
A1: Agentic Artefact Decision Tool
A2: One feature, end to end. Answer the questions and this workbook tells you which artefacts you owe and drafts the spec.
B4: WHAT THIS IS
C5: A decision tool for a single feature. You fill the blue cells on each tab in order, and the workbook decides which of the ten P1 artefacts you owe, then assembles a paste-ready agent spec.
B6: HOW TO USE IT
B7: 1 Feature | C7: Describe the feature and its numbers on the '1 Feature' tab.
B8: 2 Actions | C8: List every action the agent takes on '2 Actions'. Answer two questions per action; the tab returns the autonomy ceiling.
B9: 3 Which artefacts | C9: On '3 Artefacts' answer four yes/no triggers. The sheet marks each of the ten artefacts mandatory, conditional-owed, or skipped.
B10: 4 The bar | C10: On '4 Acceptance' enter what a right and a wrong answer cost. The sheet computes the bar, per slice.
B11: 5 The spec | C11: '5 Agent Spec' assembles automatically from what you entered. Nothing to type.
B12: 6 Export | C12: '6 Export' is the paste-ready block for Productboard. It is formula-built, so it can never drift from your answers.
B13: WHICH CELLS TO EDIT
C14: Only cells shaded pale blue are yours to fill. Everything else is computed. A worked example is pre-filled on '1 Feature' row 12 so you can see the expected format; overwrite it.
B15: THE ONE LEVER
C16: On '3 Artefacts', flip the 'Runs with other agents?' trigger from No to Yes and watch the registry entry switch from skipped to owed. Every trigger works this way: an artefact is owed only when its condition is true.
C18: Pale blue = you fill this in

Sheet 1 Feature
A1: The feature
A2: Describe it once. The rest of the workbook reads from here.
B4: Feature name
B5: Product
B6: Problem, in the customer's words
B7: Who has this problem
B8: Cases reaching the agent per month
B9: Cost of one case handled by a person ($)
B11: WORKED EXAMPLE (overwrite the cells above with your own)
B12: Feature name | C12: Change-flight agent
B13: Product | C13: SkyWays Booking
B14: Problem | C14: I need to change my flight and cannot self-serve
B15: Who | C15: Passengers whose plans change
B16: Cases/month | C16: 12000
B17: Cost/case ($) | C17: 8
B19: Monthly cost on this problem today | C19: =IF(AND(ISNUMBER(C8),ISNUMBER(C9)),C8*C9,"fill cases and cost above") -> fill cases and cost above

Sheet 2 Actions
A1: The actions, and the autonomy ceiling
A2: List every action. Two questions each. The agent runs at the LOWEST level any single action allows.
B4: The action (one per row) | C4: Reversible? | D4: Hurts if wrong? | E4: Highest level it allows
E5: =IF(OR(B5="",C5="",D5=""),"",IF(AND(C5="No",D5="Yes"),"L1 Approve",IF(AND(C5="No",D5="No"),"L2 Act & tell",IF(AND(C5="Yes",D5="Yes"),"L2 Act & tell","L3 Act alone")))) | G5: =IF(E5="","",IF(LEFT(E5,2)="L1",1,IF(LEFT(E5,2)="L2",2,3)))
E6: =IF(OR(B6="",C6="",D6=""),"",IF(AND(C6="No",D6="Yes"),"L1 Approve",IF(AND(C6="No",D6="No"),"L2 Act & tell",IF(AND(C6="Yes",D6="Yes"),"L2 Act & tell","L3 Act alone")))) | G6: =IF(E6="","",IF(LEFT(E6,2)="L1",1,IF(LEFT(E6,2)="L2",2,3)))
E7: =IF(OR(B7="",C7="",D7=""),"",IF(AND(C7="No",D7="Yes"),"L1 Approve",IF(AND(C7="No",D7="No"),"L2 Act & tell",IF(AND(C7="Yes",D7="Yes"),"L2 Act & tell","L3 Act alone")))) | G7: =IF(E7="","",IF(LEFT(E7,2)="L1",1,IF(LEFT(E7,2)="L2",2,3)))
E8: =IF(OR(B8="",C8="",D8=""),"",IF(AND(C8="No",D8="Yes"),"L1 Approve",IF(AND(C8="No",D8="No"),"L2 Act & tell",IF(AND(C8="Yes",D8="Yes"),"L2 Act & tell","L3 Act alone")))) | G8: =IF(E8="","",IF(LEFT(E8,2)="L1",1,IF(LEFT(E8,2)="L2",2,3)))
E9: =IF(OR(B9="",C9="",D9=""),"",IF(AND(C9="No",D9="Yes"),"L1 Approve",IF(AND(C9="No",D9="No"),"L2 Act & tell",IF(AND(C9="Yes",D9="Yes"),"L2 Act & tell","L3 Act alone")))) | G9: =IF(E9="","",IF(LEFT(E9,2)="L1",1,IF(LEFT(E9,2)="L2",2,3)))
E10: =IF(OR(B10="",C10="",D10=""),"",IF(AND(C10="No",D10="Yes"),"L1 Approve",IF(AND(C10="No",D10="No"),"L2 Act & tell",IF(AND(C10="Yes",D10="Yes"),"L2 Act & tell","L3 Act alone")))) | G10: =IF(E10="","",IF(LEFT(E10,2)="L1",1,IF(LEFT(E10,2)="L2",2,3)))
E11: =IF(OR(B11="",C11="",D11=""),"",IF(AND(C11="No",D11="Yes"),"L1 Approve",IF(AND(C11="No",D11="No"),"L2 Act & tell",IF(AND(C11="Yes",D11="Yes"),"L2 Act & tell","L3 Act alone")))) | G11: =IF(E11="","",IF(LEFT(E11,2)="L1",1,IF(LEFT(E11,2)="L2",2,3)))
E12: =IF(OR(B12="",C12="",D12=""),"",IF(AND(C12="No",D12="Yes"),"L1 Approve",IF(AND(C12="No",D12="No"),"L2 Act & tell",IF(AND(C12="Yes",D12="Yes"),"L2 Act & tell","L3 Act alone")))) | G12: =IF(E12="","",IF(LEFT(E12,2)="L1",1,IF(LEFT(E12,2)="L2",2,3)))
B14: AGENT CEILING (lowest level on the list) | C14: =IF(COUNT(G5:G12)=0,"list actions above",CHOOSE(MIN(G5:G12),"L1 Approve first","L2 Act and tell","L3 Act alone")) -> list actions above
B15: Does it take any real action? | C15: =IF(COUNT(G5:G12)=0,"",IF(MIN(G5:G12)<3,"Yes","No, only reads/suggests"))
B17: Example rows to try: Read booking (Yes,No) · Search flights (Yes,No) · Check visa (Yes,Yes) · Send email (No,No) · Reissue & charge (No,Yes). Ceiling comes out L1.

Sheet 3 Artefacts
A1: Which artefacts you owe
A2: Five are always owed. Four triggers decide the rest. Flip a trigger and watch an artefact switch.
B4: THE FOUR TRIGGERS
B5: Does the agent take an action? | C5: =IF(LEFT('2 Actions'!C15,3)="Yes","Yes",IF('2 Actions'!C15="","","No"))
B6: Is the output probabilistic (a model decides)?
B7: Are any decisions still open?
B8: Will it run with other agents?
B10: YOUR ARTEFACT SET
B11: Artefact | C11: Duty | D11: Owed for THIS feature?
B12: Problem brief | C12: Mandatory | D12: ="OWED" -> OWED
B13: Agent spec | C13: Mandatory | D13: ="OWED" -> OWED
B14: Autonomy line | C14: Mandatory | D14: ="OWED" -> OWED
B15: Acceptance bar | C15: Mandatory | D15: ="OWED" -> OWED
B16: Tool contract | C16: Mandatory | D16: ="OWED" -> OWED
B17: Statistical acceptance plan | C17: Conditional | D17: =IF(C6="Yes","OWED — output is probabilistic",IF(C6="No","skip","answer trigger 2")) -> answer trigger 2
B18: Open-decisions log | C18: Conditional | D18: =IF(C7="Yes","OWED — decisions still open",IF(C7="No","skip","answer trigger 3")) -> answer trigger 3
B19: Agent registry entry | C19: Conditional | D19: =IF(C8="Yes","OWED — runs with other agents",IF(C8="No","skip","answer trigger 4")) -> answer trigger 4
B20: Autonomy spec (detailed) | C20: Conditional | D20: =IF(AND(C5="Yes",C6="Yes"),"OWED — a model acts",IF(OR(C5="No",C6="No"),"skip","answer triggers 1 and 2")) -> answer triggers 1 and 2
B21: Rollback runbook | C21: Optional | D21: ="add only if an action is high-impact" -> add only if an action is high-impact
B23: Artefacts owed for this feature | C23: =5+COUNTIF(D17:D20,"OWED*") -> 5
B25: THE LEVER: flip trigger 4 from No to Yes and the registry entry above switches from skip to OWED. Every conditional artefact works this way.

Sheet 4 Acceptance
A1: The acceptance bar
A2: The bar comes from what a wrong answer costs divided by what a right one saves.
B4: One right answer saves ($) | D4: the handling cost removed when the agent gets it right
B5: One wrong answer costs ($) | D5: refund, rework and service recovery when it gets it wrong
B7: Rights needed to pay for one wrong | C7: =IF(AND(ISNUMBER(C4),ISNUMBER(C5),C4>0),C5/C4,"fill both above") -> fill both above | D7: damage / saving
B8: THE BAR | C8: =IF(ISNUMBER(C7),1-1/(C7+1),"") | D8: 1 minus 1/(rights per wrong + 1). This is the share it must get right.
B10: Add a hold on the risky action? | C10: No | D10: A hold catches the mistake before the costly step, cutting the damage.
B11: Damage with the hold ($) | C11: =IF(C10="Yes",C4,C5) -> 0 | D11: With a hold, a wrong answer costs only the wasted handling.
B12: BAR WITH THE HOLD | C12: =IF(AND(ISNUMBER(C4),ISNUMBER(C11),C4>0),1-1/(C11/C4+1),"") | D12: Flip the hold to Yes: the bar drops, and a weaker agent can ship.

Sheet 5 Agent Spec
A1: The agent spec, assembled
A2: Nothing to type here. Every line is built from the tabs before it.
B4: Agent | C4: ='1 Feature'!C4 -> 0
B5: Product | C5: ='1 Feature'!C5 -> 0
B6: Job | C6: =IF('1 Feature'!C6="","(fill the problem on tab 1)",'1 Feature'!C6) -> (fill the problem on tab 1)
B7: Serves | C7: ='1 Feature'!C7 -> 0
B8: Ceiling (autonomy) | C8: ='2 Actions'!C14 -> list actions above
B9: Acceptance bar | C9: =IF('4 Acceptance'!C10="Yes",TEXT('4 Acceptance'!C12,"0%")&" per slice (with a hold)",IF('4 Acceptance'!C8="","(fill tab 4)",TEXT('4 Acceptance'!C8,"0%")&" per slice")) -> (fill tab 4)
B10: Artefacts owed | C10: ='3 Artefacts'!C23&" of 10" -> 5 of 10
B12: Change any answer on tabs 1 to 4 and this spec updates itself. It cannot drift from your inputs.

Sheet 6 Export
A1: Paste-ready block for Productboard
A2: Copy cell B4. It assembles from every tab, so it always matches the workbook.
B4: =_xlfn.TEXTJOIN(CHAR(10),TRUE(),"AGENT: "&'1 Feature'!C4&" ("&'1 Feature'!C5&")","","JOB: "&'1 Feature'!C6,"SERVES: "&'1 Feature'!C7,"AUTONOMY CEILING: "&'2 Actions'!C14,"ACCEPTANCE BAR: "&IF('4 Acceptance'!C10="Yes",TEXT('4 Acceptance'!C12,"0%")&" per slice (hold on risky action)",TEXT('4 Acceptance'!C8,"0%")&" per slice"),"ARTEFACTS OWED: "&'3 Artefacts'!C23&" of 10","","MANDATORY: problem brief, agent spec, autonomy line, acceptance bar, tool contract","CONDITIONAL OWED: "&_xlfn.TEXTJOIN(", ",TRUE(),IF(LEFT('3 Artefacts'!D17,4)="OWED","statistical acceptance plan",""),IF(LEFT('3 Artefacts'!D18,4)="OWED","open-decisions log",""),IF(LEFT('3 Artefacts'!D19,4)="OWED","registry entry",""),IF(LEFT('3 Artefacts'!D20,4)="OWED","autonomy spec",""))) -> AGENT: () JOB: SERVES: AUTONOMY CEILING: list actions above ACCEPTANCE BAR: per slice ARTEFACTS OWED: 5 of 10 MANDATORY: problem brief, agent spec, autonomy line, acceptance bar, tool contract CONDITIONAL OWED:
