Workbook

Sheet Assumptions
A1: Cost & Capacity Workbench — Assumptions
A2: Blue = edit me. Yellow = confirm before relying. Pricing is current as of June 2026 but can change — verify.
A4: Parameter | B4: Value | C4: Unit | D4: Source / note
A5: Haiku 4.5 — input price | B5: 0.001 | C5: $/1k tok | D5: Source: AWS Bedrock on-demand, us-east-1, Jun 2026 (Anthropic + AWS pricing pages). Verify before relying.
A6: Haiku 4.5 — output price | B6: 0.005 | C6: $/1k tok | D6: Source: AWS Bedrock on-demand, us-east-1, Jun 2026 (Anthropic + AWS pricing pages). Verify before relying.
A7: Sonnet 4.5 — input price | B7: 0.003 | C7: $/1k tok | D7: Source: AWS Bedrock on-demand, us-east-1, Jun 2026 (Anthropic + AWS pricing pages). Verify before relying.
A8: Sonnet 4.5 — output price | B8: 0.015 | C8: $/1k tok | D8: Source: AWS Bedrock on-demand, us-east-1, Jun 2026 (Anthropic + AWS pricing pages). Verify before relying.
A9: Cross-region multiplier | B9: 1.1 | C9: x | D9: us.* inference profile adds ~10% over base on-demand.
A10: Prompt-cache discount on cached input | B10: 0.9 | C10: fraction | D10: Up to 90% off the cached portion of input tokens.
A11: Days per month | B11: 30 | C11: days | D11: Used to annualise daily cost.

Sheet Token Cost
A1: Token Cost Estimator
A2: Set the five blue inputs. Outputs update on recalc. Cache applies to input tokens only; cross-region applies to both.
A4: Input | B4: Value | C4: Unit
A5: Requests per day | B5: 10000 | C5: requests
A6: Avg input tokens / request | B6: 2000 | C6: tokens
A7: Avg output tokens / request | B7: 500 | C7: tokens
A8: % routed to Haiku (cheap) | B8: 0.7 | C8: share
A9: Cache hit rate (input tokens) | B9: 0.5 | C9: share
A11: Calculated
A12: Requests/day to Haiku | B12: =B5*B8 -> 7000
A13: Requests/day to Sonnet | B13: =B5*(1-B8) -> 3000
A14: Effective input price factor (cache) | B14: =1-B9*Assumptions!B10 -> 0.55
A16: Haiku — daily cost | B16: =B12*(B6/1000*Assumptions!B5*Assumptions!B9*B14 + B7/1000*Assumptions!B6*Assumptions!B9) -> 27.72
A17: Sonnet — daily cost | B17: =B13*(B6/1000*Assumptions!B7*Assumptions!B9*B14 + B7/1000*Assumptions!B8*Assumptions!B9) -> 35.64
A18: Total daily cost | B18: =B16+B17 -> 63.36
A19: Estimated monthly cost | B19: =B18*Assumptions!B11 -> 1900.8
A20: Cost per request | B20: =IF(B5=0,0,B18/B5) -> 0.006336
A21: Total tokens / day | B21: =B5*(B6+B7) -> 25000000
A22: Blended cost per 1k tokens | B22: =IF(B21=0,0,B18/(B21/1000)) -> 0.0025344

Sheet Routing
A1: Routing Scenarios — the cost of model choice
A2: Same traffic and tokens as 'Token Cost'; only the Haiku share changes. Shows what cheap-first routing saves.
A4: Scenario | B4: % to Haiku | C4: Monthly cost | D4: Saved vs all-Sonnet
A5: All Sonnet (strong) | B5: 0 | C5: =('Token Cost'!$B$5*$B5*('Token Cost'!$B$6/1000*Assumptions!$B$5*Assumptions!$B$9*'Token Cost'!$B$14+'Token Cost'!$B$7/1000*Assumptions!$B$6*Assumptions!$B$9)+'Token Cost'!$B$5*(1-$B5)*('Token Cost'!$B$6/1000*Assumptions!$B$7*Assumptions!$B$9*'Token Cost'!$B$14+'Token Cost'!$B$7/1000*Assumptions!$B$8*Assumptions!$B$9))*Assumptions!$B$11 -> 3564 | D5: =$C$5-C5 -> 0
A6: Blended (current setting) | B6: ='Token Cost'!B8 -> 0.7 | C6: =('Token Cost'!$B$5*$B6*('Token Cost'!$B$6/1000*Assumptions!$B$5*Assumptions!$B$9*'Token Cost'!$B$14+'Token Cost'!$B$7/1000*Assumptions!$B$6*Assumptions!$B$9)+'Token Cost'!$B$5*(1-$B6)*('Token Cost'!$B$6/1000*Assumptions!$B$7*Assumptions!$B$9*'Token Cost'!$B$14+'Token Cost'!$B$7/1000*Assumptions!$B$8*Assumptions!$B$9))*Assumptions!$B$11 -> 1900.8 | D6: =$C$5-C6 -> 1663.2
A7: All Haiku (cheap) | B7: 1 | C7: =('Token Cost'!$B$5*$B7*('Token Cost'!$B$6/1000*Assumptions!$B$5*Assumptions!$B$9*'Token Cost'!$B$14+'Token Cost'!$B$7/1000*Assumptions!$B$6*Assumptions!$B$9)+'Token Cost'!$B$5*(1-$B7)*('Token Cost'!$B$6/1000*Assumptions!$B$7*Assumptions!$B$9*'Token Cost'!$B$14+'Token Cost'!$B$7/1000*Assumptions!$B$8*Assumptions!$B$9))*Assumptions!$B$11 -> 1188 | D7: =$C$5-C7 -> 2376
A9: Takeaway | C9: =IF(C7<C5,"Routing cheap-first can save real money — measure your misroute rate before trusting it.","Check inputs.") -> Routing cheap-first can save real money — measure your misroute rate before trusting it.

Sheet Pool Sizing
A1: Orchestrator Pool Sizing
A2: Back-of-envelope (Little's Law). Ties to POOL_MAX_SIZE / POOL_TTL_SEC in notebook 07.
A4: Input | B4: Value | C4: Unit | D4: Note
A5: Peak concurrent conversations | B5: 300 | C5: convos | D5: Observed or projected peak.
A6: Mean conversation lifetime | B6: 8 | C6: min | D6: From first to last turn of a conversation.
A7: New conversations per minute | B7: 40 | C7: per min | D7: Arrival rate at peak.
A8: TTL (idle eviction) | B8: 15 | C8: min | D8: Same as POOL_TTL_SEC / 60 in notebook 07.
A9: Memory per cached orchestrator | B9: 5 | C9: MB | D9: Rough; measure in your runtime.
A10: Safety buffer | B10: 1.3 | C10: x | D10: Headroom over the driver.
A12: Recommended sizing
A13: Active conversations (arrival x lifetime) | B13: =B7*B6 -> 320 | D13: Concurrent live conversations.
A14: Lingering cached entries (arrival x TTL) | B14: =B7*B8 -> 600 | D14: Entries kept warm until TTL eviction.
A15: Sizing driver | B15: =MAX(B5,B13,B14) -> 600 | D15: Largest of peak / active / lingering.
A16: Recommended POOL_MAX_SIZE | B16: =ROUNDUP(B15*B10,0) -> 780 | D16: Driver x safety buffer.
A17: Estimated footprint (MB) | B17: =B16*B9 -> 3900 | D17: max_size x memory per entry.
A18: Estimated footprint (GB) | B18: =B17/1024 -> 3.8085938 | D18: Sanity-check against instance memory.

Sheet Throughput
A1: Throughput & Throttle Headroom
A2: Planning approximation — real throttling depends on Bedrock's adaptive limits. Check your account quotas.
A4: Input | B4: Value | C4: Unit | D4: Note
A5: Account limit (requests/min) | B5: 1000 | C5: req/min | D5: Example — replace with your Bedrock quota.
A6: Target requests/min (peak) | B6: 600 | C6: req/min | D6: Your expected peak.
A7: Avg tokens / request | B7: 2500 | C7: tokens | D7: Input + output.
A8: Account limit (tokens/min) | B8: 2000000 | C8: tok/min | D8: Example — replace with your TPM quota.
A9: Retry attempts (app-level) | B9: 4 | C9: tries | D9: Plus SDK adaptive retries.
A11: Headroom
A12: RPM headroom | B12: =B5-B6 -> 400
A13: RPM utilization | B13: =IF(B5=0,0,B6/B5) -> 0.6
A14: Demand (tokens/min) | B14: =B6*B7 -> 1500000
A15: TPM headroom | B15: =B8-B14 -> 500000
A16: TPM utilization | B16: =IF(B8=0,0,B14/B8) -> 0.75
A18: Verdict | B18: =IF(OR(B6>B5,B14>B8),"OVER LIMIT — will throttle","Within limits") -> Within limits
A19: Reminder | B19: If throttled: adaptive SDK retries + app backoff with jitter, and route cheap-first to cut demand.
