Workbook

Sheet How to use
A1: Backlog Artefact Planner
A2: Score a whole backlog at once. See who owes what, and where the documentation effort sits.
B4: WHAT THIS IS
C5: A portfolio tool. Where the Decision Tool takes one feature deep, this takes your whole backlog wide. One row per feature, a few answers each, and it tells you the artefact load across everything.
B6: HOW TO USE IT
B7: 1 Worked example | C7: The 'Worked example' tab has the four flight-change features pre-filled so you can see the pattern before you start.
B8: 2 Triage | C8: On 'Triage' put one feature per row and answer the five columns. The sheet returns each feature's autonomy ceiling, its acceptance bar and how many artefacts it owes.
B9: 3 Portfolio | C9: 'Portfolio' totals it: how many features, how many need a full agent, how many are just rules, and the total artefact count to plan for.
B10: 4 Reading it | C10: 'Reading it' explains the four patterns that recur, so you know what each result is telling you.
B11: WHICH CELLS TO EDIT
C12: Only the pale-blue cells on 'Triage'. Everything else is computed.
B13: THE MOST USEFUL OUTPUT
C14: The count of features that need NO model. Those are the rows you take out of the AI conversation entirely. The Portfolio tab reports it directly.
C16: Pale blue = you fill this in

Sheet Worked example
A1: Worked example: the four flight-change shapes
A2: The same four builds from the deck, scored. Study these, then do your own on the Triage tab.
B4: Feature | C4: Worst action reversible? | D4: Worst action hurts? | E4: Model decides? | F4: Decisions open? | G4: Runs with other agents? | H4: Right saves $ | I4: Wrong costs $ | J4: Ceiling | K4: Bar | L4: Build type | M4: Artefacts owed
B5: Same-route move | C5: Yes | D5: No | E5: No | F5: No | G5: No | H5: 8 | I5: 8 | J5: =IF(OR(C5="",D5=""),"",IF(AND(C5="No",D5="Yes"),"L1",IF(AND(C5="No",D5="No"),"L2",IF(AND(C5="Yes",D5="Yes"),"L2","L3")))) -> L3 | K5: =IF(AND(ISNUMBER(H5),ISNUMBER(I5),H5>0),1-1/(I5/H5+1),"") -> 0.5 | L5: =IF(E5="","",IF(E5="No","Rule / workflow",IF(OR(J5="L1",J5="L2"),"Agentic","Assisted"))) -> Rule / workflow | M5: =IF(B5="","",5+IF(E5="Yes",1,0)+IF(F5="Yes",1,0)+IF(G5="Yes",1,0)+IF(AND(E5="Yes",OR(J5="L1",J5="L2")),1,0)) -> 5
B6: Reprice & reissue | C6: No | D6: No | E6: No | F6: No | G6: No | H6: 8 | I6: 8 | J6: =IF(OR(C6="",D6=""),"",IF(AND(C6="No",D6="Yes"),"L1",IF(AND(C6="No",D6="No"),"L2",IF(AND(C6="Yes",D6="Yes"),"L2","L3")))) -> L2 | K6: =IF(AND(ISNUMBER(H6),ISNUMBER(I6),H6>0),1-1/(I6/H6+1),"") -> 0.5 | L6: =IF(E6="","",IF(E6="No","Rule / workflow",IF(OR(J6="L1",J6="L2"),"Agentic","Assisted"))) -> Rule / workflow | M6: =IF(B6="","",5+IF(E6="Yes",1,0)+IF(F6="Yes",1,0)+IF(G6="Yes",1,0)+IF(AND(E6="Yes",OR(J6="L1",J6="L2")),1,0)) -> 5
B7: Choose alternatives | C7: Yes | D7: No | E7: Yes | F7: No | G7: No | H7: 8 | I7: 32 | J7: =IF(OR(C7="",D7=""),"",IF(AND(C7="No",D7="Yes"),"L1",IF(AND(C7="No",D7="No"),"L2",IF(AND(C7="Yes",D7="Yes"),"L2","L3")))) -> L3 | K7: =IF(AND(ISNUMBER(H7),ISNUMBER(I7),H7>0),1-1/(I7/H7+1),"") -> 0.8 | L7: =IF(E7="","",IF(E7="No","Rule / workflow",IF(OR(J7="L1",J7="L2"),"Agentic","Assisted"))) -> Assisted | M7: =IF(B7="","",5+IF(E7="Yes",1,0)+IF(F7="Yes",1,0)+IF(G7="Yes",1,0)+IF(AND(E7="Yes",OR(J7="L1",J7="L2")),1,0)) -> 6
B8: Codeshare + visa | C8: No | D8: Yes | E8: Yes | F8: Yes | G8: No | H8: 8 | I8: 32 | J8: =IF(OR(C8="",D8=""),"",IF(AND(C8="No",D8="Yes"),"L1",IF(AND(C8="No",D8="No"),"L2",IF(AND(C8="Yes",D8="Yes"),"L2","L3")))) -> L1 | K8: =IF(AND(ISNUMBER(H8),ISNUMBER(I8),H8>0),1-1/(I8/H8+1),"") -> 0.8 | L8: =IF(E8="","",IF(E8="No","Rule / workflow",IF(OR(J8="L1",J8="L2"),"Agentic","Assisted"))) -> Agentic | M8: =IF(B8="","",5+IF(E8="Yes",1,0)+IF(F8="Yes",1,0)+IF(G8="Yes",1,0)+IF(AND(E8="Yes",OR(J8="L1",J8="L2")),1,0)) -> 8
B10: Read the last row: a codeshare change is irreversible, hurts, uses a model, has open decisions. It is agentic, its bar is 80%, and it owes 8 artefacts. The first row is just a rule and owes 5.

Sheet Triage
A1: Your backlog
A2: One feature per row. Fill the blue cells; the last four columns compute.
B4: Feature | C4: Worst action reversible? | D4: Worst action hurts? | E4: Model decides? | F4: Decisions open? | G4: Runs with other agents? | H4: Right saves $ | I4: Wrong costs $ | J4: Ceiling | K4: Bar | L4: Build type | M4: Artefacts owed
B5: (example) Refund eligibility | C5: No | D5: Yes | E5: No | F5: No | G5: No | H5: 10 | I5: 15 | J5: =IF(OR(C5="",D5=""),"",IF(AND(C5="No",D5="Yes"),"L1",IF(AND(C5="No",D5="No"),"L2",IF(AND(C5="Yes",D5="Yes"),"L2","L3")))) -> L1 | K5: =IF(AND(ISNUMBER(H5),ISNUMBER(I5),H5>0),1-1/(I5/H5+1),"") -> 0.6 | L5: =IF(E5="","",IF(E5="No","Rule / workflow",IF(OR(J5="L1",J5="L2"),"Agentic","Assisted"))) -> Rule / workflow | M5: =IF(B5="","",5+IF(E5="Yes",1,0)+IF(F5="Yes",1,0)+IF(G5="Yes",1,0)+IF(AND(E5="Yes",OR(J5="L1",J5="L2")),1,0)) -> 5
J6: =IF(OR(C6="",D6=""),"",IF(AND(C6="No",D6="Yes"),"L1",IF(AND(C6="No",D6="No"),"L2",IF(AND(C6="Yes",D6="Yes"),"L2","L3")))) | K6: =IF(AND(ISNUMBER(H6),ISNUMBER(I6),H6>0),1-1/(I6/H6+1),"") | L6: =IF(E6="","",IF(E6="No","Rule / workflow",IF(OR(J6="L1",J6="L2"),"Agentic","Assisted"))) | M6: =IF(B6="","",5+IF(E6="Yes",1,0)+IF(F6="Yes",1,0)+IF(G6="Yes",1,0)+IF(AND(E6="Yes",OR(J6="L1",J6="L2")),1,0))
J7: =IF(OR(C7="",D7=""),"",IF(AND(C7="No",D7="Yes"),"L1",IF(AND(C7="No",D7="No"),"L2",IF(AND(C7="Yes",D7="Yes"),"L2","L3")))) | K7: =IF(AND(ISNUMBER(H7),ISNUMBER(I7),H7>0),1-1/(I7/H7+1),"") | L7: =IF(E7="","",IF(E7="No","Rule / workflow",IF(OR(J7="L1",J7="L2"),"Agentic","Assisted"))) | M7: =IF(B7="","",5+IF(E7="Yes",1,0)+IF(F7="Yes",1,0)+IF(G7="Yes",1,0)+IF(AND(E7="Yes",OR(J7="L1",J7="L2")),1,0))
J8: =IF(OR(C8="",D8=""),"",IF(AND(C8="No",D8="Yes"),"L1",IF(AND(C8="No",D8="No"),"L2",IF(AND(C8="Yes",D8="Yes"),"L2","L3")))) | K8: =IF(AND(ISNUMBER(H8),ISNUMBER(I8),H8>0),1-1/(I8/H8+1),"") | L8: =IF(E8="","",IF(E8="No","Rule / workflow",IF(OR(J8="L1",J8="L2"),"Agentic","Assisted"))) | M8: =IF(B8="","",5+IF(E8="Yes",1,0)+IF(F8="Yes",1,0)+IF(G8="Yes",1,0)+IF(AND(E8="Yes",OR(J8="L1",J8="L2")),1,0))
J9: =IF(OR(C9="",D9=""),"",IF(AND(C9="No",D9="Yes"),"L1",IF(AND(C9="No",D9="No"),"L2",IF(AND(C9="Yes",D9="Yes"),"L2","L3")))) | K9: =IF(AND(ISNUMBER(H9),ISNUMBER(I9),H9>0),1-1/(I9/H9+1),"") | L9: =IF(E9="","",IF(E9="No","Rule / workflow",IF(OR(J9="L1",J9="L2"),"Agentic","Assisted"))) | M9: =IF(B9="","",5+IF(E9="Yes",1,0)+IF(F9="Yes",1,0)+IF(G9="Yes",1,0)+IF(AND(E9="Yes",OR(J9="L1",J9="L2")),1,0))
J10: =IF(OR(C10="",D10=""),"",IF(AND(C10="No",D10="Yes"),"L1",IF(AND(C10="No",D10="No"),"L2",IF(AND(C10="Yes",D10="Yes"),"L2","L3")))) | K10: =IF(AND(ISNUMBER(H10),ISNUMBER(I10),H10>0),1-1/(I10/H10+1),"") | L10: =IF(E10="","",IF(E10="No","Rule / workflow",IF(OR(J10="L1",J10="L2"),"Agentic","Assisted"))) | M10: =IF(B10="","",5+IF(E10="Yes",1,0)+IF(F10="Yes",1,0)+IF(G10="Yes",1,0)+IF(AND(E10="Yes",OR(J10="L1",J10="L2")),1,0))
J11: =IF(OR(C11="",D11=""),"",IF(AND(C11="No",D11="Yes"),"L1",IF(AND(C11="No",D11="No"),"L2",IF(AND(C11="Yes",D11="Yes"),"L2","L3")))) | K11: =IF(AND(ISNUMBER(H11),ISNUMBER(I11),H11>0),1-1/(I11/H11+1),"") | L11: =IF(E11="","",IF(E11="No","Rule / workflow",IF(OR(J11="L1",J11="L2"),"Agentic","Assisted"))) | M11: =IF(B11="","",5+IF(E11="Yes",1,0)+IF(F11="Yes",1,0)+IF(G11="Yes",1,0)+IF(AND(E11="Yes",OR(J11="L1",J11="L2")),1,0))
J12: =IF(OR(C12="",D12=""),"",IF(AND(C12="No",D12="Yes"),"L1",IF(AND(C12="No",D12="No"),"L2",IF(AND(C12="Yes",D12="Yes"),"L2","L3")))) | K12: =IF(AND(ISNUMBER(H12),ISNUMBER(I12),H12>0),1-1/(I12/H12+1),"") | L12: =IF(E12="","",IF(E12="No","Rule / workflow",IF(OR(J12="L1",J12="L2"),"Agentic","Assisted"))) | M12: =IF(B12="","",5+IF(E12="Yes",1,0)+IF(F12="Yes",1,0)+IF(G12="Yes",1,0)+IF(AND(E12="Yes",OR(J12="L1",J12="L2")),1,0))
J13: =IF(OR(C13="",D13=""),"",IF(AND(C13="No",D13="Yes"),"L1",IF(AND(C13="No",D13="No"),"L2",IF(AND(C13="Yes",D13="Yes"),"L2","L3")))) | K13: =IF(AND(ISNUMBER(H13),ISNUMBER(I13),H13>0),1-1/(I13/H13+1),"") | L13: =IF(E13="","",IF(E13="No","Rule / workflow",IF(OR(J13="L1",J13="L2"),"Agentic","Assisted"))) | M13: =IF(B13="","",5+IF(E13="Yes",1,0)+IF(F13="Yes",1,0)+IF(G13="Yes",1,0)+IF(AND(E13="Yes",OR(J13="L1",J13="L2")),1,0))
J14: =IF(OR(C14="",D14=""),"",IF(AND(C14="No",D14="Yes"),"L1",IF(AND(C14="No",D14="No"),"L2",IF(AND(C14="Yes",D14="Yes"),"L2","L3")))) | K14: =IF(AND(ISNUMBER(H14),ISNUMBER(I14),H14>0),1-1/(I14/H14+1),"") | L14: =IF(E14="","",IF(E14="No","Rule / workflow",IF(OR(J14="L1",J14="L2"),"Agentic","Assisted"))) | M14: =IF(B14="","",5+IF(E14="Yes",1,0)+IF(F14="Yes",1,0)+IF(G14="Yes",1,0)+IF(AND(E14="Yes",OR(J14="L1",J14="L2")),1,0))
J15: =IF(OR(C15="",D15=""),"",IF(AND(C15="No",D15="Yes"),"L1",IF(AND(C15="No",D15="No"),"L2",IF(AND(C15="Yes",D15="Yes"),"L2","L3")))) | K15: =IF(AND(ISNUMBER(H15),ISNUMBER(I15),H15>0),1-1/(I15/H15+1),"") | L15: =IF(E15="","",IF(E15="No","Rule / workflow",IF(OR(J15="L1",J15="L2"),"Agentic","Assisted"))) | M15: =IF(B15="","",5+IF(E15="Yes",1,0)+IF(F15="Yes",1,0)+IF(G15="Yes",1,0)+IF(AND(E15="Yes",OR(J15="L1",J15="L2")),1,0))
J16: =IF(OR(C16="",D16=""),"",IF(AND(C16="No",D16="Yes"),"L1",IF(AND(C16="No",D16="No"),"L2",IF(AND(C16="Yes",D16="Yes"),"L2","L3")))) | K16: =IF(AND(ISNUMBER(H16),ISNUMBER(I16),H16>0),1-1/(I16/H16+1),"") | L16: =IF(E16="","",IF(E16="No","Rule / workflow",IF(OR(J16="L1",J16="L2"),"Agentic","Assisted"))) | M16: =IF(B16="","",5+IF(E16="Yes",1,0)+IF(F16="Yes",1,0)+IF(G16="Yes",1,0)+IF(AND(E16="Yes",OR(J16="L1",J16="L2")),1,0))
J17: =IF(OR(C17="",D17=""),"",IF(AND(C17="No",D17="Yes"),"L1",IF(AND(C17="No",D17="No"),"L2",IF(AND(C17="Yes",D17="Yes"),"L2","L3")))) | K17: =IF(AND(ISNUMBER(H17),ISNUMBER(I17),H17>0),1-1/(I17/H17+1),"") | L17: =IF(E17="","",IF(E17="No","Rule / workflow",IF(OR(J17="L1",J17="L2"),"Agentic","Assisted"))) | M17: =IF(B17="","",5+IF(E17="Yes",1,0)+IF(F17="Yes",1,0)+IF(G17="Yes",1,0)+IF(AND(E17="Yes",OR(J17="L1",J17="L2")),1,0))
... J19: =IF(OR(C19="",D19=""),"",IF(AND(C19="No",D19="Yes"),"L1",IF(AND(C19="No",D19="No"),"L2",IF(AND(C19="Yes",D19="Yes"),"L2","L3")))) | K19: =IF(AND(ISNUMBER(H19),ISNUMBER(I19),H19>0),1-1/(I19/H19+1),"") | L19: =IF(E19="","",IF(E19="No","Rule / workflow",IF(OR(J19="L1",J19="L2"),"Agentic","Assisted"))) | M19: =IF(B19="","",5+IF(E19="Yes",1,0)+IF(F19="Yes",1,0)+IF(G19="Yes",1,0)+IF(AND(E19="Yes",OR(J19="L1",J19="L2")),1,0))

Sheet Portfolio
A1: The portfolio view
A2: What your whole backlog adds up to. This is the planning number for the phase.
B4: Features scored | C4: =COUNTIF(Triage!B5:B19,"?*") -> 1 | D4: every row with a name
B5: Need a full agent | C5: =COUNTIF(Triage!L5:L19,"Agentic") -> 0 | D5: these need the whole artefact set
B6: Need a person + model | C6: =COUNTIF(Triage!L5:L19,"Assisted") -> 0 | D6: model suggests, a person decides
B7: Just a rule or workflow | C7: =COUNTIF(Triage!L5:L19,"Rule / workflow") -> 1 | D7: NO model needed — take these out of the AI conversation
B8: Total artefacts to plan for | C8: =SUM(Triage!M5:M19) -> 5 | D8: the documentation load across the backlog
B9: Average artefacts per feature | C9: =IFERROR(SUM(Triage!M5:M19)/COUNTIF(Triage!B5:B19,"?*"),"") -> 5 | D9: how heavy each feature is on average
B11: The green number is the most useful one. Those features do not need a model at all, so they carry only the mandatory five and never enter the agent backlog.

Sheet Reading it
A1: Reading the results
A2: Four patterns recur. Here is what each one is telling you.
B4: Rule / workflow, 5 artefacts | C4: No model, lowest documentation load. These ship fast and should leave the AI conversation. If most of your backlog is here, you have less agentic work than it feels like.
B5: Agentic, 8+ artefacts | C5: A model decides across tools, and it acts. This is the real work: the full mandatory five plus the conditional artefacts its behaviour triggers. Plan the most time here.
B6: High bar (90%+) | C6: The damage per wrong answer is large relative to the saving. Before building, ask whether a hold on the risky action lowers the damage, which lowers the bar.
B7: L1 ceiling | C7: One irreversible, harmful action is holding the whole agent down. Look for the single action to route through a person, which raises the ceiling for everything else.
